BugID,ErrorName,Language,Description,Cause,Solution,Keywords
1,Null Pointer Exception,Java,Object reference is null,Object was not initialized,Initialize the object before using it,"null,pointer,npe,object"
2,Array Index Out Of Bounds,Java,Array index exceeds its valid range,Invalid index value,Check the array length before accessing the index,"array,index,bounds"
3,Number Format Exception,Java,String cannot be converted to a number,Invalid numeric characters,Validate the input before converting it,"number,input,format"
4,File Not Found Exception,Java,Requested file cannot be found,Wrong path or missing file,Check the file path and verify the file exists,"file,path"
5,Class Not Found Exception,Java,Required class cannot be found,Class is missing from the classpath,Add the class or dependency to the classpath,"class,classpath,dependency"
6,IOException,Java,Input or output operation fails,File or stream operation failed,Handle the exception and check the resource,"io,file,stream"
7,Arithmetic Exception,Java,Arithmetic operation fails,Division by zero,Check the divisor before division,"arithmetic,division,zero"
8,Stack Overflow Error,Java,Program exceeds stack memory,Infinite or deep recursion,Add a base condition or reduce recursion depth,"stack,recursion"
9,Out Of Memory Error,Java,Program cannot allocate enough heap memory,Excessive memory usage,Release unused objects and optimize memory,"memory,heap,oom"
10,Concurrent Modification Exception,Java,Collection changes during iteration,Collection modified while iterating,Use an iterator or modify the collection safely,"collection,iterator"
11,Illegal Argument Exception,Java,Method receives an invalid argument,Argument violates method requirements,Validate arguments before calling the method,"argument,validation"
12,Illegal State Exception,Java,Method is called at an inappropriate time,Object is in an invalid state,Check object state before the method call,"state,method"
13,Class Cast Exception,Java,Object cannot be converted to requested type,Incompatible type casting,Check the object type before casting,"casting,type"
14,No Such Method Exception,Java,Requested method cannot be found,Wrong method signature or dependency,Check method name parameters and dependency version,"method,signature"
15,No Such Field Exception,Java,Requested field cannot be found,Field name is incorrect,Verify the field and class definition,"field,class"
16,Security Exception,Java,Operation is blocked by security rules,Insufficient permissions,Check permissions and security configuration,"security,permission"
17,Unsupported Operation Exception,Java,Requested operation is unsupported,Operation unavailable for the object,Use a supported operation or suitable collection,"operation,collection"
18,SQL Exception,Java,Database operation fails,Invalid SQL or connection,Check SQL syntax and database connection,"sql,database,connection"
19,Malformed URL Exception,Java,URL format is invalid,Incorrect URL syntax,Validate and correct the URL,"url,syntax"
20,Interrupted Exception,Java,Thread is interrupted while waiting,Another thread interrupts it,Handle the interruption and restore interrupt status,"thread,interrupt"
21,Timeout Exception,Java,Operation takes too long,Slow network or service,Set a suitable timeout and investigate the dependency,"timeout,network"
22,Socket Exception,Java,Network socket operation fails,Connection is closed or unavailable,Check network connectivity and socket lifecycle,"socket,network"
23,Connect Exception,Java,Application cannot connect to service,Wrong host or port,Verify host port and service status,"connect,host,port"
24,Parse Exception,Java,Input cannot be parsed,Unexpected input format,Validate input format before parsing,"parse,input"
25,Date Time Parse Exception,Java,Date or time text cannot be parsed,Unexpected date format,Use the correct date-time formatter,"date,time,parse"
26,Missing Resource Exception,Java,Required resource is unavailable,Resource path is incorrect,Verify resource path and package location,"resource,classpath"
27,Bean Creation Exception,Java,Spring bean cannot be created,Dependency or constructor failure,Check bean configuration and dependency injection,"spring,bean,dependency"
28,Lazy Initialization Exception,Java,Hibernate object cannot be initialized,Session is closed before lazy loading,Keep the session open or fetch data earlier,"hibernate,lazy,session"
29,Deadlock,Java,Threads wait indefinitely for each other,Locks are acquired in conflicting order,Use consistent lock ordering,"thread,lock,deadlock"
30,Race Condition,Java,Result depends on thread timing,Shared data lacks synchronization,Protect shared data with synchronization,"thread,race,synchronization"
31,Index Error,Python,Sequence index is outside its valid range,Index exceeds sequence length,Check the sequence length before access,"list,index,range"
32,Key Error,Python,Dictionary key does not exist,Key is missing,Use get() or check whether the key exists,"dictionary,key,missing"
33,Type Error,Python,Operation uses incompatible types,Wrong data type,Check and convert data types,"type,datatype"
34,Value Error,Python,Function receives an invalid value,Input value is unacceptable,Validate or correct the input,"value,input"
35,Name Error,Python,Variable or name is not defined,Variable is undeclared or misspelled,Define the variable and check spelling,"name,variable"
36,Attribute Error,Python,Object lacks the requested attribute,Incorrect attribute or object type,Check object attributes and type,"attribute,object"
37,File Not Found Error,Python,Requested file cannot be located,Wrong path or missing file,Check the file path,"file,path"
38,Zero Division Error,Python,Number is divided by zero,Denominator is zero,Check that denominator is not zero,"division,zero"
39,Import Error,Python,Module cannot be imported,Module unavailable or import is incorrect,Install the module and verify the import,"import,module"
40,Module Not Found Error,Python,Python cannot find a module,Package is not installed,Install the package in the active environment,"module,package,install"
41,Indentation Error,Python,Code indentation is invalid,Inconsistent spaces or tabs,Use consistent indentation,"indentation,spaces,tabs"
42,Syntax Error,Python,Python source contains invalid syntax,Invalid statement or punctuation,Check the traceback and correct syntax,"syntax,parser"
43,Recursion Error,Python,Maximum recursion depth is exceeded,Missing recursion base condition,Add a correct base condition,"recursion,stack"
44,Memory Error,Python,Program cannot allocate enough memory,Very large data consumes memory,Process data in smaller chunks,"memory,data"
45,Runtime Error,Python,Program fails during execution,Unexpected runtime condition,Read the traceback and handle the failing operation,"runtime,execution"
46,Assertion Error,Python,Assertion condition is false,Expected condition is not satisfied,Check the asserted condition,"assertion,testing"
47,Overflow Error,Python,Numeric result exceeds supported range,Excessively large calculation,Control the calculation,"overflow,number"
48,Unicode Error,Python,Unicode cannot be encoded or decoded,Incorrect text encoding,Use the correct encoding such as UTF-8,"unicode,encoding,text"
49,EOF Error,Python,Input reaches end of file unexpectedly,No more input is available,Handle end-of-file conditions,"eof,input,file"
50,JSON Decode Error,Python,JSON text cannot be decoded,Malformed JSON syntax,Validate JSON before decoding,"json,decode"
51,CSV Parser Error,Python,CSV file cannot be parsed,Inconsistent rows or delimiters,Check separators quotes and malformed rows,"csv,pandas,parser"
52,Connection Error,Python,Network connection cannot be established,Server unavailable,Check host port and connectivity,"network,connection,server"
53,Timeout Error,Python,Operation exceeds time limit,Remote service is slow,Set a suitable timeout,"timeout,network,request"
54,Permission Error,Python,Operation is not permitted,Insufficient permissions,Check file or system permissions,"permission,file,access"
55,Is A Directory Error,Python,File operation receives a directory,Directory used as a file,Provide the correct file path,"directory,file,path"
56,NotADirectory Error,Python,Directory operation receives a file,File used as a directory,Check path components,"directory,path"
57,Broken Pipe Error,Python,Write fails because pipe is closed,Reader closed the pipe,Handle the closed pipe,"pipe,io,connection"
58,Package Version Conflict,Python,Packages require incompatible versions,Dependency versions conflict,Create a clean environment and pin versions,"package,dependency,version"
59,Regex Error,Python,Regular expression cannot be compiled,Invalid regex syntax,Correct the regular expression,"regex,pattern,syntax"
60,Pandas Key Error,Python,DataFrame column cannot be found,Column name is incorrect,Check DataFrame columns and spelling,"pandas,dataframe,column"
61,Segmentation Fault,C++,Program accesses invalid memory,Invalid pointer or memory access,Check pointers and array bounds,"segmentation,pointer,memory"
62,Null Pointer Dereference,C++,Program accesses memory through a null pointer,Pointer was not initialized,Initialize and check the pointer,"null,pointer,dereference"
63,Array Index Out Of Bounds,C++,Array is accessed outside its range,Invalid array index,Check array bounds,"array,index,bounds"
64,Stack Overflow,C++,Program exceeds stack memory,Deep or infinite recursion,Add a base condition,"stack,recursion"
65,Memory Leak,C++,Allocated memory is not released,Missing delete or ownership error,Release memory or use smart pointers,"memory,leak,delete"
66,Double Free Error,C++,Same memory is released twice,Pointer is deleted multiple times,Release each allocation only once,"memory,free,delete"
67,Use After Free,C++,Program accesses released memory,Pointer used after deletion,Stop using the pointer after freeing,"pointer,memory,useafterfree"
68,Undefined Reference,C++,Linker cannot find a function definition,Function is not defined or linked,Provide the definition and link files,"linker,function,reference"
69,Multiple Definition Error,C++,Symbol is defined more than once,Same symbol has multiple definitions,Define symbols only once,"linker,definition,header"
70,Compilation Error,C++,Source code cannot be compiled,Invalid syntax or type,Read compiler output and fix the code,"compiler,syntax,build"
71,Type Conversion Error,C++,Incompatible types are used,Invalid conversion,Use valid conversion or matching types,"type,conversion"
72,File Open Error,C++,Program cannot open a file,Wrong path or unavailable file,Check path and permissions,"file,path,stream"
73,Input Failure,C++,Input operation fails,Invalid input or stream state,Validate input and clear stream state,"input,cin,stream"
74,Out Of Range Exception,C++,Container access is outside range,Invalid index or iterator,Check container size,"vector,index,range"
75,Invalid Pointer Error,C++,Pointer contains an invalid address,Uninitialized or corrupted pointer,Initialize pointers and avoid invalid memory operations,"pointer,address,memory"
76,Infinite Loop,C++,Loop never terminates,Loop condition remains true,Update loop variable and termination condition,"loop,infinite,condition"
77,Deadlock,C++,Threads wait indefinitely,Locks are acquired in conflicting order,Use consistent lock ordering,"thread,mutex,deadlock"
78,Race Condition,C++,Result depends on thread timing,Shared data lacks synchronization,Protect shared data,"thread,race,synchronization"
79,Uninitialized Variable,C++,Variable contains unpredictable data,Used before initialization,Initialize variables before use,"variable,initialization"
80,Exception Not Caught,C++,Thrown exception terminates program,No matching catch block,Add suitable exception handling,"exception,catch"
81,Template Compilation Error,C++,Template code fails to compile,Invalid template arguments or definitions,Check template parameters,"template,compile"
82,Virtual Function Error,C++,Expected polymorphism does not occur,Incorrect override or missing virtual,Use virtual and override correctly,"virtual,override,polymorphism"
83,Constructor Error,C++,Object construction fails,Wrong constructor arguments,Check constructor signature,"constructor,initialization"
84,Destructor Error,C++,Cleanup causes runtime problems,Incorrect resource ownership,Review destructor and ownership,"destructor,cleanup"
85,Iterator Invalidated,C++,Iterator becomes invalid,Container modification invalidates iterator,Refresh iterator after modification,"iterator,vector,invalid"
86,Smart Pointer Misuse,C++,Smart pointer ownership is incorrect,Wrong ownership model,Use suitable unique or shared ownership,"smartpointer,unique,shared"
87,Linker Error,C++,Build fails during linking,Missing object file or library,Link required files and libraries,"linker,library,build"
88,Header Not Found,C++,Compiler cannot locate a header,Include path is wrong,Check header name and include directories,"header,include,compiler"
89,Macro Expansion Error,C++,Macro creates unexpected code,Unsafe or malformed macro,Use parentheses and safer functions,"macro,preprocessor"
90,Namespace Error,C++,Compiler cannot find a name,Wrong or missing namespace,Use the correct namespace or qualification,"namespace,name,scope"
91,Segmentation Fault,C,Program accesses invalid memory,Invalid pointer or memory address,Check pointers and array bounds,"pointer,memory,segmentation"
92,Null Pointer Dereference,C,Program dereferences a null pointer,Pointer is NULL,Check pointer before dereferencing,"null,pointer,dereference"
93,Array Index Out Of Bounds,C,Array is accessed outside its range,Invalid index,Check array size and index,"array,index,bounds"
94,Buffer Overflow,C,Data exceeds allocated buffer,Input is larger than buffer,Limit input and validate boundaries,"buffer,overflow,memory"
95,Memory Leak,C,Allocated memory is not released,Missing free call,Free dynamic memory when no longer needed,"memory,leak,malloc,free"
96,Double Free,C,Memory is released more than once,free called repeatedly,Free each allocation only once,"memory,free,double"
97,Use After Free,C,Freed memory is accessed again,Pointer used after free,Do not access memory after freeing,"memory,pointer,free"
98,Uninitialized Variable,C,Variable is used before receiving a value,Variable was not initialized,Initialize variables before use,"variable,initialization"
99,Format String Error,C,Incorrect format specifier is used,Format does not match variable type,Use the correct printf or scanf format,"printf,scanf,format"
100,Implicit Declaration Error,C,Function lacks visible declaration,Header or prototype missing,Include correct header or declare prototype,"function,header,declaration"
101,Undefined Reference,C,Linker cannot find function definition,Source file or library not linked,Compile and link required files,"linker,function"
102,Syntax Error,C,Source contains invalid syntax,Missing punctuation or invalid statement,Correct the syntax,"syntax,compiler"
103,Compilation Error,C,Compiler rejects source code,Invalid code or declaration,Read compiler output and fix issue,"compiler,build,error"
104,Infinite Loop,C,Loop never terminates,Loop condition remains true,Update loop variable,"loop,infinite,condition"
105,Division By Zero,C,Program divides by zero,Denominator is zero,Check denominator before division,"division,zero,arithmetic"
106,File Not Found,C,Program cannot open requested file,Incorrect filename or path,Check filename and path,"file,path,fopen"
107,Pointer Arithmetic Error,C,Pointer calculation causes invalid access,Incorrect pointer arithmetic,Keep arithmetic within valid bounds,"pointer,arithmetic,memory"
108,Race Condition,C,Concurrent operations are inconsistent,Shared data lacks synchronization,Protect shared data,"thread,race,synchronization"
109,Deadlock,C,Threads wait indefinitely,Locks are acquired in conflicting order,Use consistent lock ordering,"thread,lock,deadlock"
110,Stack Overflow,C,Program exceeds stack memory,Deep recursion or large locals,Reduce recursion and local allocations,"stack,recursion,memory"
111,Memory Allocation Failure,C,Dynamic allocation fails,Insufficient memory,Check malloc return value,"malloc,memory,allocation"
112,Dangling Pointer,C,Pointer refers to released memory,Referenced object was freed,Avoid reuse after release,"dangling,pointer,memory"
113,Invalid Free,C,Program frees invalid memory,Pointer was not dynamically allocated,Free only valid allocated memory,"free,memory,pointer"
114,String Buffer Error,C,String operation exceeds buffer,Destination buffer is too small,Allocate sufficient space and limit operations,"string,buffer"
115,Strcpy Overflow,C,strcpy writes beyond destination,Destination is too small,Validate lengths and use safer copying,"strcpy,buffer,overflow"
116,Scanf Input Error,C,scanf reads input incorrectly,Wrong format or input type,Match format specifiers and validate return,"scanf,input,format"
117,File Close Error,C,File resource is not closed correctly,Incorrect fclose handling,Close opened files after use,"file,fclose,resource"
118,Header File Error,C,Required declaration cannot be found,Header is missing,Include the correct header,"header,include"
119,Linker Error,C,Program compiles but linking fails,Missing implementation or library,Link source files and libraries,"linker,library"
120,Macro Error,C,Preprocessor macro expands incorrectly,Unsafe or malformed macro,Use parentheses and simple macros,"macro,preprocessor"
121,404 Not Found,Web,Requested resource cannot be found,URL or route does not exist,Check URL route and server resource,"http,404,url,route"
122,500 Internal Server Error,Web,Server returns an internal error,Unhandled server exception,Check server logs and failing code,"http,500,server,error"
123,401 Unauthorized,Web,Request requires authentication,Missing or invalid credentials,Send valid authentication credentials,"http,401,authentication,token"
124,403 Forbidden,Web,Server refuses access,User lacks permission,Check authorization rules,"http,403,authorization"
125,400 Bad Request,Web,Server rejects invalid request,Malformed request data,Validate parameters and payload,"http,400,request"
126,405 Method Not Allowed,Web,HTTP method is unsupported,Wrong request method,Use the method supported by the endpoint,"http,405,method,api"
127,408 Request Timeout,Web,Server times out waiting,Client or network is too slow,Check network and timeout settings,"http,408,timeout"
128,429 Too Many Requests,Web,Rate limit is exceeded,Too many requests,Reduce request rate and use backoff,"http,429,ratelimit"
129,CORS Error,Web,Browser blocks a cross-origin request,Origin is not allowed,Configure the correct CORS policy,"cors,origin,browser,api"
130,CSRF Error,Web,Request fails CSRF protection,Token is missing or invalid,Include and validate the CSRF token,"csrf,token,security"
131,JWT Invalid Signature,Web,JWT cannot be verified,Wrong signing key or token,Use correct signing key and validate token,"jwt,token,signature"
132,Session Expired,Web,User session is no longer valid,Session timeout,Refresh authentication and configure lifetime,"session,cookie,authentication"
133,Database Connection Error,Web,Application cannot connect to database,Wrong credentials or unavailable service,Check database configuration and status,"database,connection,server"
134,SQL Injection Risk,Web,Input can alter a SQL query,Unsanitized input is concatenated,Use parameterized queries,"sql,injection,security"
135,XSS Vulnerability,Web,Injected script can execute in browser,Unescaped user output,Escape output and validate input,"xss,script,security"
136,Broken Image,Web,Image does not load,Incorrect image URL or missing file,Check image path and availability,"image,url,html"
137,CSS Not Loading,Web,Styles are missing,Incorrect stylesheet path,Check CSS link and network panel,"css,html,frontend"
138,JavaScript Undefined Error,Web,JavaScript accesses undefined value,Variable or object does not exist,Check initialization and properties,"javascript,undefined,frontend"
139,Cannot Read Property,Web,JavaScript cannot read a property,Object is null or undefined,Check object before property access,"javascript,null,property"
140,JSON Parse Error,Web,JSON cannot be parsed,Malformed JSON syntax,Validate JSON formatting,"json,parse,api"
141,API Endpoint Not Found,Web,Client cannot find an API route,Wrong endpoint URL,Verify API base URL and route,"api,endpoint,url"
142,API Response Empty,Web,API returns no expected data,Backend query or mapping is wrong,Inspect query and response payload,"api,response,data"
143,Content Type Error,Web,Content type is rejected,Wrong Content-Type header,Set the correct Content-Type,"http,contenttype,header"
144,SSL Certificate Error,Web,HTTPS certificate validation fails,Expired or untrusted certificate,Check certificate and trust chain,"https,ssl,certificate"
145,DNS Resolution Error,Web,Domain cannot be resolved,DNS or network problem,Check DNS records and connectivity,"dns,domain,network"
146,Connection Refused,Web,Client cannot establish connection,Server down or port unavailable,Check server host and port,"network,connection,port"
147,Mixed Content Error,Web,Secure page loads insecure resource,HTTP resource on HTTPS page,Serve all resources over HTTPS,"https,mixedcontent,browser"
148,Responsive Layout Error,Web,Layout breaks on small screens,Fixed dimensions or missing responsive rules,Use responsive CSS,"css,responsive,layout"
149,Authentication Redirect Loop,Web,Login repeatedly redirects,Cookie or redirect configuration is wrong,Inspect session and redirect rules,"login,session,redirect"
150,Database Query Timeout,Web,Database request takes too long,Slow or unindexed query,Optimize query and add indexes,"database,sql,timeout,index"
